"filename", "language", "Markdown", "HTML", "PostCSS", "comment", "blank", "total"
"d:\Projects\sp_aegis\README.md", "Markdown", 2, 0, 0, 0, 1, 3
"d:\Projects\sp_aegis\homepage.css", "PostCSS", 0, 0, 53, 1, 14, 68
"d:\Projects\sp_aegis\loginpage.css", "PostCSS", 0, 0, 284, 14, 104, 402
"d:\Projects\sp_aegis\loginpage.html", "HTML", 0, 65, 0, 3, 12, 80
"d:\Projects\sp_aegis\updatedhp.css", "PostCSS", 0, 0, -199, -4, -34, -237
"d:\Projects\sp_aegis\updatedhp.html", "HTML", 0, -40, 0, 0, -7, -47
"d:\Projects\sp_aegis\victim_module.css", "PostCSS", 0, 0, 547, 59, 174, 780
"d:\Projects\sp_aegis\victim_module.html", "HTML", 0, 132, 0, 12, 34, 178
"d:\Projects\sp_aegis\victim_page.css", "PostCSS", 0, 0, 351, 0, 57, 408
"d:\Projects\sp_aegis\victim_page.html", "HTML", 0, 111, 0, 0, 16, 127
"Total", "-", 2, 268, 1036, 85, 371, 1762